source_file,domain_label,team_name,team_number,team_id,ppt_total_num,github_submitted_bin,project_title_norm,ghost_reasons
fintech_evaluation_output_20260419_110045 - Scores.csv,fintech,DevNova,23,team_023,20.0,1.0,,G2_perfect_without_github_or_title;G3_perfect_without_title
fintech_evaluation_output_20260419_110045 - Scores.csv,fintech,Alpha Zero,32,team_032,20.0,1.0,,G2_perfect_without_github_or_title;G3_perfect_without_title
fintech_evaluation_output_20260419_110045 - Scores.csv,fintech,Sparklers,117,team_117,20.0,1.0,,G2_perfect_without_github_or_title;G3_perfect_without_title
fintech_evaluation_output_20260419_110045 - Scores.csv,fintech,Sentinel Squad,251,team_251,20.0,1.0,,G2_perfect_without_github_or_title;G3_perfect_without_title
fintech_evaluation_output_20260419_110045 - Scores.csv,fintech,KRATOS,268,team_268,20.0,1.0,,G2_perfect_without_github_or_title;G3_perfect_without_title
fintech_evaluation_output_20260419_110045 - Scores.csv,fintech,Codeum Blood,293,team_293,20.0,1.0,,G2_perfect_without_github_or_title;G3_perfect_without_title
fintech_evaluation_output_20260419_110045 - Scores.csv,fintech,SheCodes,137,team_137,20.0,1.0,,G2_perfect_without_github_or_title;G3_perfect_without_title
fintech_evaluation_output_20260419_110045 - Scores.csv,fintech,Ciphers,258,team_258,20.0,1.0,,G2_perfect_without_github_or_title;G3_perfect_without_title
fintech_evaluation_output_20260419_110045 - Scores.csv,fintech,gitcoder,272,team_272,20.0,1.0,,G2_perfect_without_github_or_title;G3_perfect_without_title
fintech_evaluation_output_20260419_110045 - Scores.csv,fintech,Hackaholics,281,team_281,20.0,1.0,,G2_perfect_without_github_or_title;G3_perfect_without_title
fintech_evaluation_output_20260419_110045 - Scores.csv,fintech,CODERS ROCK,62,team_062,20.0,1.0,,G2_perfect_without_github_or_title;G3_perfect_without_title
fintech_evaluation_output_20260419_110045 - Scores.csv,fintech,Team Unicorns,136,team_136,20.0,1.0,,G2_perfect_without_github_or_title;G3_perfect_without_title
fintech_evaluation_output_20260419_110045 - Scores.csv,fintech,PixelATE,266,team_266,20.0,1.0,,G2_perfect_without_github_or_title;G3_perfect_without_title
fintech_evaluation_output_20260419_110045 - Scores.csv,fintech,Tech Hustlers,314,team_314,20.0,1.0,,G2_perfect_without_github_or_title;G3_perfect_without_title
fintech_evaluation_output_20260419_110045 - Scores.csv,fintech,Team Nova,152,team_152,20.0,1.0,,G2_perfect_without_github_or_title;G3_perfect_without_title
fintech_evaluation_output_20260419_110045 - Scores.csv,fintech,OPTIMUS,279,team_279,20.0,1.0,,G2_perfect_without_github_or_title;G3_perfect_without_title
fintech_evaluation_output_20260419_110045 - Scores.csv,fintech,WebX,110,team_110,20.0,1.0,,G2_perfect_without_github_or_title;G3_perfect_without_title
fintech_evaluation_output_20260419_110045 - Scores.csv,fintech,Genz Coders,194,team_194,20.0,1.0,,G2_perfect_without_github_or_title;G3_perfect_without_title
fintech_evaluation_output_20260419_110045 - Scores.csv,fintech,CodeQ,138,team_138,20.0,1.0,,G2_perfect_without_github_or_title;G3_perfect_without_title
fintech_evaluation_output_20260419_110045 - Scores.csv,fintech,Titans,13,team_013,20.0,1.0,,G2_perfect_without_github_or_title;G3_perfect_without_title
fintech_evaluation_output_20260419_110045 - Scores.csv,fintech,FinTastic 4,116,team_116,20.0,1.0,,G2_perfect_without_github_or_title;G3_perfect_without_title
fintech_evaluation_output_20260419_110045 - Scores.csv,fintech,WinX,339,team_339,20.0,1.0,,G2_perfect_without_github_or_title;G3_perfect_without_title
fintech_evaluation_output_20260419_110045 - Scores.csv,fintech,Highkey Hackers,81,team_081,20.0,1.0,,G2_perfect_without_github_or_title;G3_perfect_without_title
fintech_evaluation_output_20260419_110045 - Scores.csv,fintech,VORTEX,2,team_002,20.0,0.0,,G1_perfect_without_github;G2_perfect_without_github_or_title;G3_perfect_without_title
fintech_evaluation_output_20260419_110045 - Scores.csv,fintech,CodeCrewX,3,team_003,20.0,0.0,,G1_perfect_without_github;G2_perfect_without_github_or_title;G3_perfect_without_title
fintech_evaluation_output_20260419_110045 - Scores.csv,fintech,Tech Tamizhans,21,team_021,20.0,0.0,,G1_perfect_without_github;G2_perfect_without_github_or_title;G3_perfect_without_title
fintech_evaluation_output_20260419_110045 - Scores.csv,fintech,Code Benders,49,team_049,20.0,0.0,,G1_perfect_without_github;G2_perfect_without_github_or_title;G3_perfect_without_title
fintech_evaluation_output_20260419_110045 - Scores.csv,fintech,Secure Pay,100,team_100,20.0,0.0,,G1_perfect_without_github;G2_perfect_without_github_or_title;G3_perfect_without_title
fintech_evaluation_output_20260419_110045 - Scores.csv,fintech,Mavericks,108,team_108,20.0,0.0,,G1_perfect_without_github;G2_perfect_without_github_or_title;G3_perfect_without_title
fintech_evaluation_output_20260419_110045 - Scores.csv,fintech,Eminence,111,team_111,20.0,0.0,,G1_perfect_without_github;G2_perfect_without_github_or_title;G3_perfect_without_title
fintech_evaluation_output_20260419_110045 - Scores.csv,fintech,Kernel Knights,118,team_118,20.0,0.0,,G1_perfect_without_github;G2_perfect_without_github_or_title;G3_perfect_without_title
fintech_evaluation_output_20260419_110045 - Scores.csv,fintech,Evil Corp,119,team_119,20.0,0.0,,G1_perfect_without_github;G2_perfect_without_github_or_title;G3_perfect_without_title
fintech_evaluation_output_20260419_110045 - Scores.csv,fintech,Team Vincere,123,team_123,20.0,0.0,,G1_perfect_without_github;G2_perfect_without_github_or_title;G3_perfect_without_title
fintech_evaluation_output_20260419_110045 - Scores.csv,fintech,Innovatrix,125,team_125,20.0,0.0,,G1_perfect_without_github;G2_perfect_without_github_or_title;G3_perfect_without_title
fintech_evaluation_output_20260419_110045 - Scores.csv,fintech,Crazy Geeks,126,team_126,20.0,0.0,,G1_perfect_without_github;G2_perfect_without_github_or_title;G3_perfect_without_title
fintech_evaluation_output_20260419_110045 - Scores.csv,fintech,Hash Force,146,team_146,20.0,0.0,,G1_perfect_without_github;G2_perfect_without_github_or_title;G3_perfect_without_title
fintech_evaluation_output_20260419_110045 - Scores.csv,fintech,The Rookies,158,team_158,20.0,0.0,,G1_perfect_without_github;G2_perfect_without_github_or_title;G3_perfect_without_title
fintech_evaluation_output_20260419_110045 - Scores.csv,fintech,Dreamnity,163,team_163,20.0,0.0,,G1_perfect_without_github;G2_perfect_without_github_or_title;G3_perfect_without_title
fintech_evaluation_output_20260419_110045 - Scores.csv,fintech,Starks,168,team_168,20.0,0.0,,G1_perfect_without_github;G2_perfect_without_github_or_title;G3_perfect_without_title
fintech_evaluation_output_20260419_110045 - Scores.csv,fintech,Hacksmiths,186,team_186,20.0,0.0,,G1_perfect_without_github;G2_perfect_without_github_or_title;G3_perfect_without_title
fintech_evaluation_output_20260419_110045 - Scores.csv,fintech,LOOP BREAKERS,195,team_195,20.0,0.0,,G1_perfect_without_github;G2_perfect_without_github_or_title;G3_perfect_without_title
fintech_evaluation_output_20260419_110045 - Scores.csv,fintech,404 Brain Not Found,200,team_200,20.0,0.0,,G1_perfect_without_github;G2_perfect_without_github_or_title;G3_perfect_without_title
fintech_evaluation_output_20260419_110045 - Scores.csv,fintech,InnoHack,222,team_222,20.0,0.0,,G1_perfect_without_github;G2_perfect_without_github_or_title;G3_perfect_without_title
fintech_evaluation_output_20260419_110045 - Scores.csv,fintech,Code Commandos,255,team_255,20.0,0.0,,G1_perfect_without_github;G2_perfect_without_github_or_title;G3_perfect_without_title
fintech_evaluation_output_20260419_110045 - Scores.csv,fintech,goofBalls,296,team_296,20.0,0.0,,G1_perfect_without_github;G2_perfect_without_github_or_title;G3_perfect_without_title
fintech_evaluation_output_20260419_110045 - Scores.csv,fintech,EchelonX,331,team_331,20.0,0.0,,G1_perfect_without_github;G2_perfect_without_github_or_title;G3_perfect_without_title
fintech_evaluation_output_20260419_110045 - Scores.csv,fintech,Defi Decoders,345,team_345,20.0,0.0,,G1_perfect_without_github;G2_perfect_without_github_or_title;G3_perfect_without_title
fintech_evaluation_output_20260419_110045 - Scores.csv,fintech,CyberTech AI,367,team_367,20.0,0.0,,G1_perfect_without_github;G2_perfect_without_github_or_title;G3_perfect_without_title
fintech_evaluation_output_20260419_110045 - Scores.csv,fintech,Minecrafter’s,113,team_113,20.0,0.0,,G1_perfect_without_github;G2_perfect_without_github_or_title;G3_perfect_without_title
fintech_evaluation_output_20260419_110045 - Scores.csv,fintech,LedgerLinks,189,team_189,20.0,0.0,,G1_perfect_without_github;G2_perfect_without_github_or_title;G3_perfect_without_title
fintech_evaluation_output_20260419_110045 - Scores.csv,fintech,The Innovators,239,team_239,20.0,0.0,,G1_perfect_without_github;G2_perfect_without_github_or_title;G3_perfect_without_title
fintech_evaluation_output_20260419_110045 - Scores.csv,fintech,TEAM NOWAY,343,team_343,20.0,0.0,,G1_perfect_without_github;G2_perfect_without_github_or_title;G3_perfect_without_title
healthcare_evaluation_output_20260419_132600 - Scores.csv,healthcare,K3,89,team_089,20.0,1.0,,G2_perfect_without_github_or_title;G3_perfect_without_title
healthcare_evaluation_output_20260419_132600 - Scores.csv,healthcare,Infinity Coders,501,team_501,20.0,1.0,,G2_perfect_without_github_or_title;G3_perfect_without_title
healthcare_evaluation_output_20260419_132600 - Scores.csv,healthcare,OFFSIDE.py,95,team_095,20.0,1.0,,G2_perfect_without_github_or_title;G3_perfect_without_title
healthcare_evaluation_output_20260419_132600 - Scores.csv,healthcare,Stack Overthrow,153,team_153,20.0,1.0,,G2_perfect_without_github_or_title;G3_perfect_without_title
healthcare_evaluation_output_20260419_132600 - Scores.csv,healthcare,TechVengers,336,team_336,20.0,1.0,,G2_perfect_without_github_or_title;G3_perfect_without_title
healthcare_evaluation_output_20260419_132600 - Scores.csv,healthcare,SafeNest,294,team_294,20.0,1.0,,G2_perfect_without_github_or_title;G3_perfect_without_title
healthcare_evaluation_output_20260419_132600 - Scores.csv,healthcare,YunStack,409,team_409,20.0,1.0,,G2_perfect_without_github_or_title;G3_perfect_without_title
healthcare_evaluation_output_20260419_132600 - Scores.csv,healthcare,HackStreet Boys,422,team_422,20.0,1.0,,G2_perfect_without_github_or_title;G3_perfect_without_title
healthcare_evaluation_output_20260419_132600 - Scores.csv,healthcare,Medx Innovators,427,team_427,20.0,1.0,,G2_perfect_without_github_or_title;G3_perfect_without_title
healthcare_evaluation_output_20260419_132600 - Scores.csv,healthcare,Coducks,462,team_462,20.0,1.0,,G2_perfect_without_github_or_title;G3_perfect_without_title
healthcare_evaluation_output_20260419_132600 - Scores.csv,healthcare,Quiet Coders,528,team_528,20.0,1.0,,G2_perfect_without_github_or_title;G3_perfect_without_title
healthcare_evaluation_output_20260419_132600 - Scores.csv,healthcare,Medx Innovators,586,team_586,20.0,1.0,,G2_perfect_without_github_or_title;G3_perfect_without_title
healthcare_evaluation_output_20260419_132600 - Scores.csv,healthcare,Cypher,291,team_291,20.0,1.0,,G2_perfect_without_github_or_title;G3_perfect_without_title
healthcare_evaluation_output_20260419_132600 - Scores.csv,healthcare,PRO BOTS,334,team_334,20.0,1.0,,G2_perfect_without_github_or_title;G3_perfect_without_title
healthcare_evaluation_output_20260419_132600 - Scores.csv,healthcare,PRAVASI CARE,285,team_285,20.0,1.0,,G2_perfect_without_github_or_title;G3_perfect_without_title
healthcare_evaluation_output_20260419_132600 - Scores.csv,healthcare,Team_KiwiQ,303,team_303,20.0,1.0,,G2_perfect_without_github_or_title;G3_perfect_without_title
healthcare_evaluation_output_20260419_132600 - Scores.csv,healthcare,Innovex Crew,140,team_140,20.0,1.0,,G2_perfect_without_github_or_title;G3_perfect_without_title
healthcare_evaluation_output_20260419_132600 - Scores.csv,healthcare,Solo Scriptor,344,team_344,20.0,1.0,,G2_perfect_without_github_or_title;G3_perfect_without_title
healthcare_evaluation_output_20260419_132600 - Scores.csv,healthcare,Climate Warriors,38,team_038,20.0,1.0,,G2_perfect_without_github_or_title;G3_perfect_without_title
healthcare_evaluation_output_20260419_132600 - Scores.csv,healthcare,Bitzapp,529,team_529,20.0,1.0,,G2_perfect_without_github_or_title;G3_perfect_without_title
healthcare_evaluation_output_20260419_132600 - Scores.csv,healthcare,BLACK BULLS,451,team_451,20.0,1.0,,G2_perfect_without_github_or_title;G3_perfect_without_title
healthcare_evaluation_output_20260419_132600 - Scores.csv,healthcare,TrioTech,221,team_221,20.0,1.0,,G2_perfect_without_github_or_title;G3_perfect_without_title
healthcare_evaluation_output_20260419_132600 - Scores.csv,healthcare,TEAM_Cipher,28,team_028,20.0,1.0,,G2_perfect_without_github_or_title;G3_perfect_without_title
healthcare_evaluation_output_20260419_132600 - Scores.csv,healthcare,Baka Boyz,29,team_029,20.0,0.0,,G1_perfect_without_github;G2_perfect_without_github_or_title;G3_perfect_without_title
healthcare_evaluation_output_20260419_132600 - Scores.csv,healthcare,Spectra,51,team_051,20.0,0.0,,G1_perfect_without_github;G2_perfect_without_github_or_title;G3_perfect_without_title
healthcare_evaluation_output_20260419_132600 - Scores.csv,healthcare,Apex OR,60,team_060,20.0,0.0,,G1_perfect_without_github;G2_perfect_without_github_or_title;G3_perfect_without_title
healthcare_evaluation_output_20260419_132600 - Scores.csv,healthcare,Novaspire,65,team_065,20.0,0.0,,G1_perfect_without_github;G2_perfect_without_github_or_title;G3_perfect_without_title
healthcare_evaluation_output_20260419_132600 - Scores.csv,healthcare,TEAM SAT,87,team_087,20.0,0.0,,G1_perfect_without_github;G2_perfect_without_github_or_title;G3_perfect_without_title
healthcare_evaluation_output_20260419_132600 - Scores.csv,healthcare,FAST AND CURIOUS,96,team_096,20.0,0.0,,G1_perfect_without_github;G2_perfect_without_github_or_title;G3_perfect_without_title
healthcare_evaluation_output_20260419_132600 - Scores.csv,healthcare,Quadraminds,106,team_106,20.0,0.0,,G1_perfect_without_github;G2_perfect_without_github_or_title;G3_perfect_without_title
healthcare_evaluation_output_20260419_132600 - Scores.csv,healthcare,Care Coders,114,team_114,20.0,0.0,,G1_perfect_without_github;G2_perfect_without_github_or_title;G3_perfect_without_title
healthcare_evaluation_output_20260419_132600 - Scores.csv,healthcare,Unknown,120,team_120,20.0,0.0,,G1_perfect_without_github;G2_perfect_without_github_or_title;G3_perfect_without_title
healthcare_evaluation_output_20260419_132600 - Scores.csv,healthcare,Syntax Terror,172,team_172,20.0,1.0,,G2_perfect_without_github_or_title;G3_perfect_without_title
healthcare_evaluation_output_20260419_132600 - Scores.csv,healthcare,Tech Lifelines,142,team_142,20.0,0.0,,G1_perfect_without_github;G2_perfect_without_github_or_title;G3_perfect_without_title
healthcare_evaluation_output_20260419_132600 - Scores.csv,healthcare,CuraMind AI,162,team_162,20.0,0.0,,G1_perfect_without_github;G2_perfect_without_github_or_title;G3_perfect_without_title
healthcare_evaluation_output_20260419_132600 - Scores.csv,healthcare,SYNAPSE-3D,171,team_171,20.0,0.0,,G1_perfect_without_github;G2_perfect_without_github_or_title;G3_perfect_without_title
healthcare_evaluation_output_20260419_132600 - Scores.csv,healthcare,TremorAegis,191,team_191,20.0,0.0,,G1_perfect_without_github;G2_perfect_without_github_or_title;G3_perfect_without_title
healthcare_evaluation_output_20260419_132600 - Scores.csv,healthcare,The Quad-Core Creators,208,team_208,20.0,0.0,,G1_perfect_without_github;G2_perfect_without_github_or_title;G3_perfect_without_title
healthcare_evaluation_output_20260419_132600 - Scores.csv,healthcare,Strivers,227,team_227,20.0,0.0,,G1_perfect_without_github;G2_perfect_without_github_or_title;G3_perfect_without_title
healthcare_evaluation_output_20260419_132600 - Scores.csv,healthcare,DVD (Distant Visionary Developers),246,team_246,20.0,0.0,,G1_perfect_without_github;G2_perfect_without_github_or_title;G3_perfect_without_title
healthcare_evaluation_output_20260419_132600 - Scores.csv,healthcare,Peace,248,team_248,20.0,0.0,,G1_perfect_without_github;G2_perfect_without_github_or_title;G3_perfect_without_title
healthcare_evaluation_output_20260419_132600 - Scores.csv,healthcare,SeasonerS,260,team_260,20.0,0.0,,G1_perfect_without_github;G2_perfect_without_github_or_title;G3_perfect_without_title
healthcare_evaluation_output_20260419_132600 - Scores.csv,healthcare,fontediaz,271,team_271,20.0,0.0,,G1_perfect_without_github;G2_perfect_without_github_or_title;G3_perfect_without_title
healthcare_evaluation_output_20260419_132600 - Scores.csv,healthcare,ByteHealers,277,team_277,20.0,0.0,,G1_perfect_without_github;G2_perfect_without_github_or_title;G3_perfect_without_title
healthcare_evaluation_output_20260419_132600 - Scores.csv,healthcare,Kernel Crew,283,team_283,20.0,0.0,,G1_perfect_without_github;G2_perfect_without_github_or_title;G3_perfect_without_title
healthcare_evaluation_output_20260419_132600 - Scores.csv,healthcare,Healing Souls,299,team_299,20.0,0.0,,G1_perfect_without_github;G2_perfect_without_github_or_title;G3_perfect_without_title
healthcare_evaluation_output_20260419_132600 - Scores.csv,healthcare,404 ERROR,300,team_300,20.0,0.0,,G1_perfect_without_github;G2_perfect_without_github_or_title;G3_perfect_without_title
healthcare_evaluation_output_20260419_132600 - Scores.csv,healthcare,WizTek,323,team_323,20.0,0.0,,G1_perfect_without_github;G2_perfect_without_github_or_title;G3_perfect_without_title
healthcare_evaluation_output_20260419_132600 - Scores.csv,healthcare,MediMind,363,team_363,20.0,0.0,,G1_perfect_without_github;G2_perfect_without_github_or_title;G3_perfect_without_title
healthcare_evaluation_output_20260419_132600 - Scores.csv,healthcare,CODHERS,376,team_376,20.0,0.0,,G1_perfect_without_github;G2_perfect_without_github_or_title;G3_perfect_without_title
healthcare_evaluation_output_20260419_132600 - Scores.csv,healthcare,CyberCrew,380,team_380,20.0,0.0,,G1_perfect_without_github;G2_perfect_without_github_or_title;G3_perfect_without_title
healthcare_evaluation_output_20260419_132600 - Scores.csv,healthcare,Code Red,35,team_035,20.0,0.0,,G1_perfect_without_github;G2_perfect_without_github_or_title;G3_perfect_without_title
healthcare_evaluation_output_20260419_132600 - Scores.csv,healthcare,Team Conclusion,147,team_147,20.0,0.0,,G1_perfect_without_github;G2_perfect_without_github_or_title;G3_perfect_without_title
healthcare_evaluation_output_20260419_132600 - Scores.csv,healthcare,TEAM MEDBUD,179,team_179,20.0,0.0,,G1_perfect_without_github;G2_perfect_without_github_or_title;G3_perfect_without_title
healthcare_evaluation_output_20260419_132600 - Scores.csv,healthcare,Syntax Squad,257,team_257,20.0,0.0,,G1_perfect_without_github;G2_perfect_without_github_or_title;G3_perfect_without_title
healthcare_evaluation_output_20260419_132600 - Scores.csv,healthcare,WebNova,354,team_354,20.0,1.0,,G2_perfect_without_github_or_title;G3_perfect_without_title
healthcare_evaluation_output_20260419_132600 - Scores.csv,healthcare,Medura,413,team_413,20.0,0.0,,G1_perfect_without_github;G2_perfect_without_github_or_title;G3_perfect_without_title
healthcare_evaluation_output_20260419_132600 - Scores.csv,healthcare,Mugavari,415,team_415,20.0,0.0,,G1_perfect_without_github;G2_perfect_without_github_or_title;G3_perfect_without_title
healthcare_evaluation_output_20260419_132600 - Scores.csv,healthcare,yakuza,421,team_421,20.0,0.0,,G1_perfect_without_github;G2_perfect_without_github_or_title;G3_perfect_without_title
healthcare_evaluation_output_20260419_132600 - Scores.csv,healthcare,CodeCatalysts,430,team_430,20.0,0.0,,G1_perfect_without_github;G2_perfect_without_github_or_title;G3_perfect_without_title
healthcare_evaluation_output_20260419_132600 - Scores.csv,healthcare,DeepLogic,431,team_431,20.0,0.0,,G1_perfect_without_github;G2_perfect_without_github_or_title;G3_perfect_without_title
healthcare_evaluation_output_20260419_132600 - Scores.csv,healthcare,InnoVision,436,team_436,20.0,0.0,,G1_perfect_without_github;G2_perfect_without_github_or_title;G3_perfect_without_title
healthcare_evaluation_output_20260419_132600 - Scores.csv,healthcare,Avengers7,444,team_444,20.0,0.0,,G1_perfect_without_github;G2_perfect_without_github_or_title;G3_perfect_without_title
healthcare_evaluation_output_20260419_132600 - Scores.csv,healthcare,WALKOUTS,445,team_445,20.0,1.0,,G2_perfect_without_github_or_title;G3_perfect_without_title
healthcare_evaluation_output_20260419_132600 - Scores.csv,healthcare,HealthHackers,452,team_452,20.0,0.0,,G1_perfect_without_github;G2_perfect_without_github_or_title;G3_perfect_without_title
healthcare_evaluation_output_20260419_132600 - Scores.csv,healthcare,Messiah,456,team_456,20.0,0.0,,G1_perfect_without_github;G2_perfect_without_github_or_title;G3_perfect_without_title
healthcare_evaluation_output_20260419_132600 - Scores.csv,healthcare,Medura,458,team_458,20.0,0.0,,G1_perfect_without_github;G2_perfect_without_github_or_title;G3_perfect_without_title
healthcare_evaluation_output_20260419_132600 - Scores.csv,healthcare,Team Spark,481,team_481,20.0,0.0,,G1_perfect_without_github;G2_perfect_without_github_or_title;G3_perfect_without_title
healthcare_evaluation_output_20260419_132600 - Scores.csv,healthcare,DRONAI,504,team_504,20.0,0.0,,G1_perfect_without_github;G2_perfect_without_github_or_title;G3_perfect_without_title
healthcare_evaluation_output_20260419_132600 - Scores.csv,healthcare,Hack4health,512,team_512,20.0,0.0,,G1_perfect_without_github;G2_perfect_without_github_or_title;G3_perfect_without_title
healthcare_evaluation_output_20260419_132600 - Scores.csv,healthcare,Neural Ninjas,514,team_514,20.0,0.0,,G1_perfect_without_github;G2_perfect_without_github_or_title;G3_perfect_without_title
healthcare_evaluation_output_20260419_132600 - Scores.csv,healthcare,Synapse Squad,543,team_543,20.0,0.0,,G1_perfect_without_github;G2_perfect_without_github_or_title;G3_perfect_without_title
healthcare_evaluation_output_20260419_132600 - Scores.csv,healthcare,SYNS,582,team_582,20.0,1.0,,G2_perfect_without_github_or_title;G3_perfect_without_title
healthcare_evaluation_output_20260419_132600 - Scores.csv,healthcare,No Way,625,team_625,20.0,0.0,,G1_perfect_without_github;G2_perfect_without_github_or_title;G3_perfect_without_title
healthcare_evaluation_output_20260419_132600 - Scores.csv,healthcare,Dobu Warriors,626,team_626,20.0,0.0,,G1_perfect_without_github;G2_perfect_without_github_or_title;G3_perfect_without_title
healthcare_evaluation_output_20260419_132600 - Scores.csv,healthcare,Mr UnEmP,646,team_646,20.0,0.0,,G1_perfect_without_github;G2_perfect_without_github_or_title;G3_perfect_without_title
logistics_evaluation_output_20260419_133040 - Scores.csv,logistics,Z-Vibed Coders,5,team_005,20.0,1.0,,G2_perfect_without_github_or_title;G3_perfect_without_title
logistics_evaluation_output_20260419_133040 - Scores.csv,logistics,ML MAVERICKS,193,team_193,20.0,1.0,,G2_perfect_without_github_or_title;G3_perfect_without_title
logistics_evaluation_output_20260419_133040 - Scores.csv,logistics,White Hats,347,team_347,20.0,1.0,,G2_perfect_without_github_or_title;G3_perfect_without_title
logistics_evaluation_output_20260419_133040 - Scores.csv,logistics,TechTechSahur,351,team_351,20.0,1.0,,G2_perfect_without_github_or_title;G3_perfect_without_title
logistics_evaluation_output_20260419_133040 - Scores.csv,logistics,Dream Team,441,team_441,20.0,1.0,,G2_perfect_without_github_or_title;G3_perfect_without_title
logistics_evaluation_output_20260419_133040 - Scores.csv,logistics,Log IQ,472,team_472,20.0,1.0,,G2_perfect_without_github_or_title;G3_perfect_without_title
logistics_evaluation_output_20260419_133040 - Scores.csv,logistics,The Hack Squad,480,team_480,20.0,1.0,,G2_perfect_without_github_or_title;G3_perfect_without_title
logistics_evaluation_output_20260419_133040 - Scores.csv,logistics,Hail Mary,159,team_159,20.0,1.0,,G2_perfect_without_github_or_title;G3_perfect_without_title
logistics_evaluation_output_20260419_133040 - Scores.csv,logistics,CodePirates,175,team_175,20.0,1.0,,G2_perfect_without_github_or_title;G3_perfect_without_title
logistics_evaluation_output_20260419_133040 - Scores.csv,logistics,GLITCH GOBLINS,252,team_252,20.0,1.0,,G2_perfect_without_github_or_title;G3_perfect_without_title
logistics_evaluation_output_20260419_133040 - Scores.csv,logistics,OnlyVibeCoders,615,team_615,20.0,1.0,,G2_perfect_without_github_or_title;G3_perfect_without_title
logistics_evaluation_output_20260419_133040 - Scores.csv,logistics,Hyper wear,628,team_628,20.0,1.0,,G2_perfect_without_github_or_title;G3_perfect_without_title
logistics_evaluation_output_20260419_133040 - Scores.csv,logistics,Zyphor,26,team_026,20.0,1.0,,G2_perfect_without_github_or_title;G3_perfect_without_title
logistics_evaluation_output_20260419_133040 - Scores.csv,logistics,HYDROSWARM FLEET,67,team_067,20.0,1.0,,G2_perfect_without_github_or_title;G3_perfect_without_title
logistics_evaluation_output_20260419_133040 - Scores.csv,logistics,Byte Breakers,533,team_533,20.0,1.0,,G2_perfect_without_github_or_title;G3_perfect_without_title
logistics_evaluation_output_20260419_133040 - Scores.csv,logistics,Tech Super Kings,256,team_256,20.0,1.0,,G2_perfect_without_github_or_title;G3_perfect_without_title
logistics_evaluation_output_20260419_133040 - Scores.csv,logistics,TechThinkers,384,team_384,20.0,1.0,,G2_perfect_without_github_or_title;G3_perfect_without_title
logistics_evaluation_output_20260419_133040 - Scores.csv,logistics,DigniRoute,645,team_645,20.0,1.0,,G2_perfect_without_github_or_title;G3_perfect_without_title
logistics_evaluation_output_20260419_133040 - Scores.csv,logistics,DevX,184,team_184,20.0,1.0,,G2_perfect_without_github_or_title;G3_perfect_without_title
logistics_evaluation_output_20260419_133040 - Scores.csv,logistics,TEAM 1000,448,team_448,20.0,1.0,,G2_perfect_without_github_or_title;G3_perfect_without_title
logistics_evaluation_output_20260419_133040 - Scores.csv,logistics,Doomsday,69,team_069,20.0,1.0,,G2_perfect_without_github_or_title;G3_perfect_without_title
logistics_evaluation_output_20260419_133040 - Scores.csv,logistics,TempTrack Developers,638,team_638,20.0,1.0,,G2_perfect_without_github_or_title;G3_perfect_without_title
logistics_evaluation_output_20260419_133040 - Scores.csv,logistics,Hack Nado,83,team_083,20.0,1.0,,G2_perfect_without_github_or_title;G3_perfect_without_title
logistics_evaluation_output_20260419_133040 - Scores.csv,logistics,Origin,337,team_337,20.0,1.0,,G2_perfect_without_github_or_title;G3_perfect_without_title
logistics_evaluation_output_20260419_133040 - Scores.csv,logistics,Orivus,90,team_090,20.0,1.0,,G2_perfect_without_github_or_title;G3_perfect_without_title
logistics_evaluation_output_20260419_133040 - Scores.csv,logistics,ByteBrain,84,team_084,20.0,1.0,,G2_perfect_without_github_or_title;G3_perfect_without_title
logistics_evaluation_output_20260419_133040 - Scores.csv,logistics,Trojan Hex,607,team_607,20.0,1.0,,G2_perfect_without_github_or_title;G3_perfect_without_title
logistics_evaluation_output_20260419_133040 - Scores.csv,logistics,Vision X,593,team_593,20.0,1.0,,G2_perfect_without_github_or_title;G3_perfect_without_title
logistics_evaluation_output_20260419_133040 - Scores.csv,logistics,Code & Cargo,390,team_390,20.0,1.0,,G2_perfect_without_github_or_title;G3_perfect_without_title
logistics_evaluation_output_20260419_133040 - Scores.csv,logistics,THD,48,team_048,20.0,1.0,,G2_perfect_without_github_or_title;G3_perfect_without_title
logistics_evaluation_output_20260419_133040 - Scores.csv,logistics,NeuroForge,98,team_098,20.0,1.0,,G2_perfect_without_github_or_title;G3_perfect_without_title
logistics_evaluation_output_20260419_133040 - Scores.csv,logistics,Silambu X,141,team_141,20.0,1.0,,G2_perfect_without_github_or_title;G3_perfect_without_title
logistics_evaluation_output_20260419_133040 - Scores.csv,logistics,Winterfell,234,team_234,20.0,1.0,,G2_perfect_without_github_or_title;G3_perfect_without_title
logistics_evaluation_output_20260419_133040 - Scores.csv,logistics,Pinout Pirates,242,team_242,20.0,1.0,,G2_perfect_without_github_or_title;G3_perfect_without_title
logistics_evaluation_output_20260419_133040 - Scores.csv,logistics,Vincimus Astra,320,team_320,20.0,1.0,,G2_perfect_without_github_or_title;G3_perfect_without_title
logistics_evaluation_output_20260419_133040 - Scores.csv,logistics,Chickocoders,201,team_201,20.0,1.0,,G2_perfect_without_github_or_title;G3_perfect_without_title
logistics_evaluation_output_20260419_133040 - Scores.csv,logistics,Gravity Falls,394,team_394,20.0,1.0,,G2_perfect_without_github_or_title;G3_perfect_without_title
logistics_evaluation_output_20260419_133040 - Scores.csv,logistics,Infinite Loopers,460,team_460,20.0,1.0,,G2_perfect_without_github_or_title;G3_perfect_without_title
logistics_evaluation_output_20260419_133040 - Scores.csv,logistics,Magnum Opus,491,team_491,20.0,1.0,,G2_perfect_without_github_or_title;G3_perfect_without_title
logistics_evaluation_output_20260419_133040 - Scores.csv,logistics,404 No Limits,522,team_522,20.0,1.0,,G2_perfect_without_github_or_title;G3_perfect_without_title
logistics_evaluation_output_20260419_133040 - Scores.csv,logistics,OptiMind,591,team_591,20.0,1.0,,G2_perfect_without_github_or_title;G3_perfect_without_title
logistics_evaluation_output_20260419_133040 - Scores.csv,logistics,BrainBits,604,team_604,20.0,1.0,,G2_perfect_without_github_or_title;G3_perfect_without_title
logistics_evaluation_output_20260419_133040 - Scores.csv,logistics,ZYNXO,31,team_031,20.0,0.0,,G1_perfect_without_github;G2_perfect_without_github_or_title;G3_perfect_without_title
logistics_evaluation_output_20260419_133040 - Scores.csv,logistics,Neural Nexus,39,team_039,20.0,0.0,,G1_perfect_without_github;G2_perfect_without_github_or_title;G3_perfect_without_title
logistics_evaluation_output_20260419_133040 - Scores.csv,logistics,StrawHat Crew,45,team_045,20.0,0.0,,G1_perfect_without_github;G2_perfect_without_github_or_title;G3_perfect_without_title
logistics_evaluation_output_20260419_133040 - Scores.csv,logistics,Nanoforce,99,team_099,20.0,0.0,,G1_perfect_without_github;G2_perfect_without_github_or_title;G3_perfect_without_title
logistics_evaluation_output_20260419_133040 - Scores.csv,logistics,Team Nodium,112,team_112,20.0,0.0,,G1_perfect_without_github;G2_perfect_without_github_or_title;G3_perfect_without_title
logistics_evaluation_output_20260419_133040 - Scores.csv,logistics,Tifosi,134,team_134,20.0,0.0,,G1_perfect_without_github;G2_perfect_without_github_or_title;G3_perfect_without_title
logistics_evaluation_output_20260419_133040 - Scores.csv,logistics,CodeCatalysts,156,team_156,20.0,0.0,,G1_perfect_without_github;G2_perfect_without_github_or_title;G3_perfect_without_title
logistics_evaluation_output_20260419_133040 - Scores.csv,logistics,LoadX Innovators,166,team_166,20.0,0.0,,G1_perfect_without_github;G2_perfect_without_github_or_title;G3_perfect_without_title
logistics_evaluation_output_20260419_133040 - Scores.csv,logistics,ShadowStrikers,187,team_187,20.0,0.0,,G1_perfect_without_github;G2_perfect_without_github_or_title;G3_perfect_without_title
logistics_evaluation_output_20260419_133040 - Scores.csv,logistics,NodeInfinite,196,team_196,20.0,0.0,,G1_perfect_without_github;G2_perfect_without_github_or_title;G3_perfect_without_title
logistics_evaluation_output_20260419_133040 - Scores.csv,logistics,NAAGA 3 PEERU,280,team_280,20.0,0.0,,G1_perfect_without_github;G2_perfect_without_github_or_title;G3_perfect_without_title
logistics_evaluation_output_20260419_133040 - Scores.csv,logistics,code’n_slavery,304,team_304,20.0,0.0,,G1_perfect_without_github;G2_perfect_without_github_or_title;G3_perfect_without_title
logistics_evaluation_output_20260419_133040 - Scores.csv,logistics,ZEN,325,team_325,20.0,0.0,,G1_perfect_without_github;G2_perfect_without_github_or_title;G3_perfect_without_title
logistics_evaluation_output_20260419_133040 - Scores.csv,logistics,Digi-dock,360,team_360,20.0,0.0,,G1_perfect_without_github;G2_perfect_without_github_or_title;G3_perfect_without_title
logistics_evaluation_output_20260419_133040 - Scores.csv,logistics,Fantastic Four,203,team_203,20.0,0.0,,G1_perfect_without_github;G2_perfect_without_github_or_title;G3_perfect_without_title
logistics_evaluation_output_20260419_133040 - Scores.csv,logistics,Code Titans,115,team_115,20.0,0.0,,G1_perfect_without_github;G2_perfect_without_github_or_title;G3_perfect_without_title
logistics_evaluation_output_20260419_133040 - Scores.csv,logistics,H I V E,207,team_207,20.0,0.0,,G1_perfect_without_github;G2_perfect_without_github_or_title;G3_perfect_without_title
logistics_evaluation_output_20260419_133040 - Scores.csv,logistics,code warriors,240,team_240,20.0,0.0,,G1_perfect_without_github;G2_perfect_without_github_or_title;G3_perfect_without_title
logistics_evaluation_output_20260419_133040 - Scores.csv,logistics,COGNITIVE CREW,290,team_290,20.0,0.0,,G1_perfect_without_github;G2_perfect_without_github_or_title;G3_perfect_without_title
logistics_evaluation_output_20260419_133040 - Scores.csv,logistics,EchoMinds,399,team_399,20.0,0.0,,G1_perfect_without_github;G2_perfect_without_github_or_title;G3_perfect_without_title
logistics_evaluation_output_20260419_133040 - Scores.csv,logistics,Incertainty,429,team_429,20.0,0.0,,G1_perfect_without_github;G2_perfect_without_github_or_title;G3_perfect_without_title
logistics_evaluation_output_20260419_133040 - Scores.csv,logistics,Winnovators,482,team_482,20.0,0.0,,G1_perfect_without_github;G2_perfect_without_github_or_title;G3_perfect_without_title
logistics_evaluation_output_20260419_133040 - Scores.csv,logistics,SmartLogix,485,team_485,20.0,0.0,,G1_perfect_without_github;G2_perfect_without_github_or_title;G3_perfect_without_title
logistics_evaluation_output_20260419_133040 - Scores.csv,logistics,Tech Stack,519,team_519,20.0,0.0,,G1_perfect_without_github;G2_perfect_without_github_or_title;G3_perfect_without_title
logistics_evaluation_output_20260419_133040 - Scores.csv,logistics,Innovate X,537,team_537,20.0,0.0,,G1_perfect_without_github;G2_perfect_without_github_or_title;G3_perfect_without_title
logistics_evaluation_output_20260419_133040 - Scores.csv,logistics,NullPointers,554,team_554,20.0,0.0,,G1_perfect_without_github;G2_perfect_without_github_or_title;G3_perfect_without_title
logistics_evaluation_output_20260419_133040 - Scores.csv,logistics,Pixel Pirates,597,team_597,20.0,0.0,,G1_perfect_without_github;G2_perfect_without_github_or_title;G3_perfect_without_title
